
PRAGMA FOREIGN_KEYS = ON;


INSERT INTO customers(customer_id, customer_type)
VALUES
    ('BUS116595', 'Business'),
    ('BUS154890', 'Business'),
    ('BUS156044', 'Business'),
    ('BUS156544', 'Business'),
    ('BUS156548', 'Business'),
    ('BUS216549', 'Business'),
    ('BUS364265', 'Business'),
    ('BUS365265', 'Business'),
    ('BUS484532', 'Business'),
    ('BUS520654', 'Business'),
    ('BUS755902', 'Business'),
    ('IND154203', 'Individual'),
    ('IND450298', 'Individual'),
    ('IND454498', 'Individual'),
    ('IND459324', 'Individual'),
    ('IND549804', 'Individual'),
    ('IND744689', 'Individual'),
    ('IND752136', 'Individual'),
    ('IND986597', 'Individual'),
    ('IND996597', 'Individual'),
    ('LEN559852', 'Lending Group')
;

INSERT INTO customer_relationships(parent_customer_id, child_customer_id, relationship_type)
VALUES
    ('LEN559852', 'BUS484532', 'Subsidiary'),
    ('LEN559852', 'BUS154890', 'Subsidiary'),
    ('BUS484532', 'BUS755902', 'Subsidiary'),
    ('BUS484532', 'BUS116595', 'Subsidiary'),
    ('BUS484532', 'IND744689', 'Director'),
    ('BUS154890', 'BUS365265', 'Subsidiary'),
    ('BUS154890', 'BUS156544', 'Subsidiary'),
    ('BUS755902', 'IND459324', 'Director'),
    ('BUS755902', 'IND752136', 'Director'),
    ('BUS755902', 'IND744689', 'Director'),
    ('BUS116595', 'IND744689', 'Director'),
    ('BUS365265', 'IND986597', 'Director'),
    ('BUS365265', 'IND454498', 'Director'),
    ('BUS156544', 'IND454498', 'Director'),
    ('BUS520654', 'BUS156548', 'Subsidiary'),
    ('BUS520654', 'BUS216549', 'Subsidiary'),
    ('BUS156548', 'IND154203', 'Director'),
    ('BUS156548', 'IND549804', 'Director'),
    ('BUS216549', 'IND549804', 'Director'),
    ('BUS364265', 'IND996597', 'Director'),
    ('BUS364265', 'IND450298', 'Director'),
    ('BUS156044', 'IND450298', 'Director')
;

INSERT INTO loans(loan_id, loan_value, customer_id)
VALUES
    ('LOA123046', 26000, 'BUS154890'),
    ('LOA156487', 113000, 'BUS154890'),
    ('LOA156489', 91000, 'BUS156548'),
    ('LOA326984', 103000, 'BUS755902'),
    ('LOA447741', 210000, 'BUS755902'),
    ('LOA549321', 229000, 'BUS154890'),
    ('LOA655489', 27000, 'BUS484532'),
    ('LOA989215', 189000, 'IND454498')
;

INSERT INTO balance_history(loan_id, balance_date, balance)
VALUES
    ('LOA447741', '2019-12-28', 210000),
    ('LOA123046', '2020-01-05', 26000),
    ('LOA655489', '2020-01-05', 27000),
    ('LOA156489', '2020-01-11', 91000),
    ('LOA123046', '2020-01-12', 25957.47),
    ('LOA156489', '2020-01-12', 90410.71),
    ('LOA123046', '2020-01-16', 25799.47),
    ('LOA123046', '2020-01-17', 25359.23),
    ('LOA156489', '2020-01-19', 89820.46),
    ('LOA156489', '2020-01-26', 89230.94),
    ('LOA989215', '2020-01-28', 189000),
    ('LOA549321', '2020-02-01', 229000),
    ('LOA156489', '2020-02-02', 88640.77),
    ('LOA655489', '2020-02-05', 27270),
    ('LOA156489', '2020-02-09', 88050.55),
    ('LOA156487', '2020-02-15', 113000),
    ('LOA156489', '2020-02-16', 87460.75),
    ('LOA549321', '2020-02-16', 222540.87),
    ('LOA447741', '2020-02-17', 202920.22),
    ('LOA156489', '2020-02-23', 86870.53),
    ('LOA989215', '2020-02-28', 190890),
    ('LOA123046', '2020-02-29', 24678.09),
    ('LOA156489', '2020-03-01', 86280.86),
    ('LOA326984', '2020-03-04', 103000),
    ('LOA156487', '2020-03-05', 106618.93),
    ('LOA326984', '2020-03-05', 95995.88),
    ('LOA655489', '2020-03-05', 27542.7),
    ('LOA156489', '2020-03-08', 85690.84),
    ('LOA156489', '2020-03-15', 85100.34),
    ('LOA123046', '2020-03-20', 23909.1),
    ('LOA549321', '2020-03-20', 208409.67),
    ('LOA156489', '2020-03-22', 84510.16),
    ('LOA989215', '2020-03-28', 192798.9),
    ('LOA156489', '2020-03-29', 83920.27),
    ('LOA123046', '2020-04-02', 23790.61),
    ('LOA156489', '2020-04-05', 83330.5),
    ('LOA655489', '2020-04-05', 27818.13),
    ('LOA123046', '2020-04-08', 23849.61),
    ('LOA156489', '2020-04-12', 82740.47),
    ('LOA156489', '2020-04-19', 82150.55),
    ('LOA156487', '2020-04-20', 105473.7),
    ('LOA549321', '2020-04-22', 199984.45),
    ('LOA156489', '2020-04-26', 81560.43),
    ('LOA989215', '2020-04-28', 194726.89),
    ('LOA156489', '2020-05-03', 80970.58),
    ('LOA326984', '2020-05-04', 88045.52),
    ('LOA447741', '2020-05-04', 193609.42),
    ('LOA655489', '2020-05-05', 28096.31),
    ('LOA123046', '2020-05-07', 23089.3),
    ('LOA156489', '2020-05-10', 80380.08),
    ('LOA123046', '2020-05-13', 22716),
    ('LOA156489', '2020-05-17', 79790.92),
    ('LOA156489', '2020-05-24', 79200.74),
    ('LOA989215', '2020-05-28', 196674.16),
    ('LOA156489', '2020-05-31', 78610.4),
    ('LOA655489', '2020-06-05', 28377.27),
    ('LOA156489', '2020-06-07', 78020.31),
    ('LOA156489', '2020-06-14', 77430.86),
    ('LOA156487', '2020-06-17', 104290.93),
    ('LOA549321', '2020-06-20', 185865.83),
    ('LOA156489', '2020-06-21', 76840.87),
    ('LOA123046', '2020-06-25', 22555.17),
    ('LOA156489', '2020-06-28', 76250.49),
    ('LOA989215', '2020-06-28', 198640.9),
    ('LOA326984', '2020-07-03', 80304.21),
    ('LOA447741', '2020-07-03', 187068.14),
    ('LOA156489', '2020-07-05', 75660.84),
    ('LOA655489', '2020-07-05', 28661.04),
    ('LOA156489', '2020-07-12', 75070.29),
    ('LOA156489', '2020-07-19', 74480.31),
    ('LOA123046', '2020-07-23', 22432.39),
    ('LOA156489', '2020-07-26', 73890.75),
    ('LOA123046', '2020-07-27', 22518.72),
    ('LOA989215', '2020-07-28', 200627.31),
    ('LOA123046', '2020-07-31', 22164.2),
    ('LOA156489', '2020-08-02', 73300.85),
    ('LOA655489', '2020-08-05', 28947.65),
    ('LOA549321', '2020-08-07', 172440.09),
    ('LOA156489', '2020-08-09', 72710.16),
    ('LOA156489', '2020-08-16', 72120.93),
    ('LOA156487', '2020-08-20', 93628.91),
    ('LOA156489', '2020-08-23', 71530.6),
    ('LOA989215', '2020-08-28', 202633.58),
    ('LOA156489', '2020-08-30', 70940.06),
    ('LOA326984', '2020-09-01', 75156.63),
    ('LOA447741', '2020-09-01', 177452.36),
    ('LOA123046', '2020-09-03', 21435.68),
    ('LOA655489', '2020-09-05', 29237.13),
    ('LOA156489', '2020-09-06', 70350.05),
    ('LOA156489', '2020-09-13', 69760.7),
    ('LOA123046', '2020-09-20', 20436.03),
    ('LOA156489', '2020-09-20', 69170.8),
    ('LOA123046', '2020-09-26', 20353.48),
    ('LOA156489', '2020-09-27', 68580.87),
    ('LOA989215', '2020-09-28', 204659.92),
    ('LOA156487', '2020-09-30', 84451.95),
    ('LOA156489', '2020-10-04', 67990.26),
    ('LOA549321', '2020-10-05', 165868.56),
    ('LOA655489', '2020-10-05', 29529.5),
    ('LOA156489', '2020-10-11', 67400.03),
    ('LOA156489', '2020-10-18', 66810.94),
    ('LOA123046', '2020-10-23', 19359.65),
    ('LOA156489', '2020-10-25', 66220.59),
    ('LOA989215', '2020-10-28', 206706.52),
    ('LOA156487', '2020-10-30', 71936.92),
    ('LOA326984', '2020-10-31', 66687.41),
    ('LOA447741', '2020-10-31', 171262.02),
    ('LOA156489', '2020-11-01', 65630.28),
    ('LOA123046', '2020-11-05', 19229.46),
    ('LOA655489', '2020-11-05', 29824.8),
    ('LOA156489', '2020-11-08', 65040.51),
    ('LOA549321', '2020-11-11', 155072),
    ('LOA156489', '2020-11-15', 64450.12),
    ('LOA156489', '2020-11-22', 63860.15),
    ('LOA989215', '2020-11-28', 208773.59),
    ('LOA156489', '2020-11-29', 63270.71),
    ('LOA655489', '2020-12-05', 30123.05),
    ('LOA156489', '2020-12-06', 62680.82),
    ('LOA156489', '2020-12-13', 62090.62),
    ('LOA123046', '2020-12-14', 19021.73),
    ('LOA549321', '2020-12-15', 147948.43),
    ('LOA156489', '2020-12-20', 61500.98),
    ('LOA156489', '2020-12-27', 60910.92),
    ('LOA989215', '2020-12-28', 210861.33),
    ('LOA326984', '2020-12-30', 58560.59),
    ('LOA447741', '2020-12-30', 164071.34),
    ('LOA156487', '2021-01-03', 66520.43),
    ('LOA156489', '2021-01-03', 60320.31),
    ('LOA655489', '2021-01-05', 30424.28),
    ('LOA156489', '2021-01-10', 59730.67),
    ('LOA156489', '2021-01-17', 59140.5),
    ('LOA123046', '2021-01-21', 18647.48),
    ('LOA156489', '2021-01-24', 58550.79),
    ('LOA989215', '2021-01-28', 212969.94),
    ('LOA156487', '2021-01-31', 60887.07),
    ('LOA156489', '2021-01-31', 57960.81),
    ('LOA655489', '2021-02-05', 30728.52),
    ('LOA549321', '2021-02-06', 137657.96),
    ('LOA156489', '2021-02-07', 57370.03),
    ('LOA123046', '2021-02-10', 18557.21),
    ('LOA156489', '2021-02-14', 56780.5),
    ('LOA156489', '2021-02-21', 56190.34),
    ('LOA156487', '2021-02-25', 54280.28),
    ('LOA156489', '2021-02-28', 55600.47),
    ('LOA326984', '2021-02-28', 52155.95),
    ('LOA447741', '2021-02-28', 154080.01),
    ('LOA989215', '2021-02-28', 215099.64),
    ('LOA123046', '2021-03-02', 18718.76),
    ('LOA655489', '2021-03-05', 31035.81),
    ('LOA156489', '2021-03-07', 55010.87),
    ('LOA549321', '2021-03-12', 126263.97),
    ('LOA156489', '2021-03-14', 54420.93),
    ('LOA156489', '2021-03-21', 53830.39),
    ('LOA156487', '2021-03-27', 40216.47),
    ('LOA156489', '2021-03-28', 53240.78),
    ('LOA989215', '2021-03-28', 217250.64),
    ('LOA156489', '2021-04-04', 52650.53),
    ('LOA655489', '2021-04-05', 31346.17),
    ('LOA156489', '2021-04-11', 52060.6),
    ('LOA156489', '2021-04-18', 51470.75),
    ('LOA123046', '2021-04-23', 18694.14),
    ('LOA156487', '2021-04-23', 26610.46),
    ('LOA156489', '2021-04-25', 50880.73),
    ('LOA989215', '2021-04-28', 219423.15),
    ('LOA326984', '2021-04-29', 42742.41),
    ('LOA447741', '2021-04-29', 144541.64),
    ('LOA156489', '2021-05-02', 50290.34),
    ('LOA655489', '2021-05-05', 31659.63),
    ('LOA549321', '2021-05-08', 113826.79),
    ('LOA156489', '2021-05-09', 49700.28),
    ('LOA156489', '2021-05-16', 49110.62),
    ('LOA156489', '2021-05-23', 48520.79),
    ('LOA989215', '2021-05-28', 221617.38),
    ('LOA156489', '2021-05-30', 47930.78),
    ('LOA655489', '2021-06-05', 31976.23),
    ('LOA156489', '2021-06-06', 47340.75),
    ('LOA156489', '2021-06-13', 46750.83),
    ('LOA156489', '2021-06-20', 46160.44),
    ('LOA123046', '2021-06-21', 18048.64),
    ('LOA549321', '2021-06-25', 105115.31),
    ('LOA156489', '2021-06-27', 45571),
    ('LOA326984', '2021-06-28', 36308.52),
    ('LOA447741', '2021-06-28', 134748.39),
    ('LOA989215', '2021-06-28', 223833.55),
    ('LOA156489', '2021-07-04', 44980.61),
    ('LOA655489', '2021-07-05', 32295.99),
    ('LOA156487', '2021-07-11', 26174.49),
    ('LOA156489', '2021-07-11', 44390.56),
    ('LOA156489', '2021-07-18', 43800.86),
    ('LOA156489', '2021-07-25', 43210.06),
    ('LOA989215', '2021-07-28', 226071.89),
    ('LOA549321', '2021-07-30', 93150.43),
    ('LOA156489', '2021-08-01', 42620.9),
    ('LOA655489', '2021-08-05', 32618.95),
    ('LOA156489', '2021-08-08', 42030.5),
    ('LOA123046', '2021-08-13', 17715.67),
    ('LOA156489', '2021-08-15', 41440.92),
    ('LOA156489', '2021-08-22', 40850.69),
    ('LOA123046', '2021-08-24', 17295.68),
    ('LOA326984', '2021-08-27', 30145.36),
    ('LOA447741', '2021-08-27', 125813.96),
    ('LOA989215', '2021-08-28', 228332.61),
    ('LOA156489', '2021-08-29', 40260.99),
    ('LOA156487', '2021-09-04', 14771.21),
    ('LOA156489', '2021-09-05', 39670.34),
    ('LOA655489', '2021-09-05', 32945.14),
    ('LOA549321', '2021-09-06', 80541.29),
    ('LOA156489', '2021-09-12', 39080.77),
    ('LOA156489', '2021-09-19', 38490.16),
    ('LOA156489', '2021-09-26', 37900.25),
    ('LOA989215', '2021-09-28', 230615.94),
    ('LOA156487', '2021-09-30', 9430.7),
    ('LOA156489', '2021-10-03', 37310.25),
    ('LOA655489', '2021-10-05', 33274.59),
    ('LOA156489', '2021-10-10', 36720.28),
    ('LOA123046', '2021-10-11', 17147.91),
    ('LOA549321', '2021-10-11', 69721.06),
    ('LOA156489', '2021-10-17', 36130.81),
    ('LOA156489', '2021-10-24', 35540.74),
    ('LOA326984', '2021-10-26', 21727.97),
    ('LOA447741', '2021-10-26', 119998.2),
    ('LOA989215', '2021-10-28', 232922.1),
    ('LOA156489', '2021-10-31', 34950.32),
    ('LOA655489', '2021-11-05', 33607.34),
    ('LOA156489', '2021-11-07', 34360.59),
    ('LOA156489', '2021-11-14', 33770.81),
    ('LOA549321', '2021-11-15', 56103.07),
    ('LOA156489', '2021-11-21', 33180.88),
    ('LOA156489', '2021-11-28', 32590.76),
    ('LOA989215', '2021-11-28', 235251.32),
    ('LOA123046', '2021-12-01', 16966.72),
    ('LOA156489', '2021-12-05', 32000.36),
    ('LOA655489', '2021-12-05', 33943.41),
    ('LOA156487', '2021-12-09', 6775.82),
    ('LOA156489', '2021-12-12', 31410.46),
    ('LOA156489', '2021-12-19', 30820.29),
    ('LOA123046', '2021-12-24', 16759.98),
    ('LOA326984', '2021-12-25', 13618.94),
    ('LOA447741', '2021-12-25', 111654.28),
    ('LOA156489', '2021-12-26', 30230.44),
    ('LOA989215', '2021-12-28', 237603.83),
    ('LOA156489', '2022-01-02', 29640.24),
    ('LOA655489', '2022-01-05', 34282.84),
    ('LOA156489', '2022-01-09', 29050.63),
    ('LOA549321', '2022-01-11', 47066.57),
    ('LOA156489', '2022-01-16', 28460.24),
    ('LOA156489', '2022-01-23', 27870.49),
    ('LOA989215', '2022-01-28', 239979.87),
    ('LOA156489', '2022-01-30', 27280.31),
    ('LOA123046', '2022-02-05', 16443.24),
    ('LOA655489', '2022-02-05', 34625.67),
    ('LOA156489', '2022-02-06', 26690.66),
    ('LOA123046', '2022-02-07', 15782.35),
    ('LOA156489', '2022-02-13', 26100.1),
    ('LOA156487', '2022-02-20', 0),
    ('LOA156489', '2022-02-20', 25510.49),
    ('LOA326984', '2022-02-23', 4707.32),
    ('LOA447741', '2022-02-23', 104325.29),
    ('LOA156489', '2022-02-27', 24920.55),
    ('LOA549321', '2022-02-27', 35792.73),
    ('LOA989215', '2022-02-28', 242379.67),
    ('LOA655489', '2022-03-05', 34971.93),
    ('LOA156489', '2022-03-06', 24330.97),
    ('LOA156489', '2022-03-13', 23740.95),
    ('LOA156489', '2022-03-20', 23150.46),
    ('LOA156489', '2022-03-27', 22560.88),
    ('LOA989215', '2022-03-28', 244803.47),
    ('LOA156489', '2022-04-03', 21970.08),
    ('LOA655489', '2022-04-05', 35321.65),
    ('LOA123046', '2022-04-08', 15568.61),
    ('LOA156489', '2022-04-10', 21380.72),
    ('LOA549321', '2022-04-15', 30676.32),
    ('LOA156489', '2022-04-17', 20790.12),
    ('LOA156489', '2022-04-24', 20200.77),
    ('LOA326984', '2022-04-24', 0),
    ('LOA447741', '2022-04-24', 97908.79),
    ('LOA989215', '2022-04-28', 247251.5),
    ('LOA156489', '2022-05-01', 19610.98),
    ('LOA655489', '2022-05-05', 35674.87),
    ('LOA156489', '2022-05-08', 19020.83),
    ('LOA156489', '2022-05-15', 18430.27),
    ('LOA156489', '2022-05-22', 17840.62),
    ('LOA989215', '2022-05-28', 249724.02),
    ('LOA156489', '2022-05-29', 17250.95),
    ('LOA549321', '2022-06-04', 23747.73),
    ('LOA123046', '2022-06-05', 15169.98),
    ('LOA156489', '2022-06-05', 16660.45),
    ('LOA655489', '2022-06-05', 36031.62),
    ('LOA156489', '2022-06-12', 16070.44),
    ('LOA156489', '2022-06-19', 15480.47),
    ('LOA123046', '2022-06-21', 14814.61),
    ('LOA447741', '2022-06-23', 91276.9),
    ('LOA156489', '2022-06-26', 14890.05),
    ('LOA989215', '2022-06-28', 252221.26),
    ('LOA156489', '2022-07-03', 14300.34),
    ('LOA655489', '2022-07-05', 36391.94),
    ('LOA156489', '2022-07-10', 13710.55),
    ('LOA156489', '2022-07-17', 13120.99),
    ('LOA123046', '2022-07-18', 14461.62),
    ('LOA156489', '2022-07-24', 12530.95),
    ('LOA549321', '2022-07-25', 13423.73),
    ('LOA989215', '2022-07-28', 254743.47),
    ('LOA156489', '2022-07-31', 11940.25),
    ('LOA123046', '2022-08-05', 14014.09),
    ('LOA655489', '2022-08-05', 36755.86),
    ('LOA156489', '2022-08-07', 11350.12),
    ('LOA156489', '2022-08-14', 10760.97),
    ('LOA156489', '2022-08-21', 10170.98),
    ('LOA447741', '2022-08-22', 86177.81),
    ('LOA123046', '2022-08-28', 14063.51),
    ('LOA156489', '2022-08-28', 9580.75),
    ('LOA989215', '2022-08-28', 257290.9),
    ('LOA156489', '2022-09-04', 8990.37),
    ('LOA655489', '2022-09-05', 37123.42),
    ('LOA156489', '2022-09-11', 8400.69),
    ('LOA549321', '2022-09-13', 7121.3),
    ('LOA156489', '2022-09-18', 7810.66),
    ('LOA156489', '2022-09-25', 7220.61),
    ('LOA989215', '2022-09-28', 259863.81),
    ('LOA156489', '2022-10-02', 6630.56),
    ('LOA655489', '2022-10-05', 37494.65),
    ('LOA156489', '2022-10-09', 6040.84),
    ('LOA123046', '2022-10-16', 13315.67),
    ('LOA156489', '2022-10-16', 5450.37),
    ('LOA447741', '2022-10-21', 76417.21),
    ('LOA156489', '2022-10-23', 4860.38),
    ('LOA549321', '2022-10-24', 0),
    ('LOA989215', '2022-10-28', 262462.45),
    ('LOA156489', '2022-10-30', 4270.66),
    ('LOA655489', '2022-11-05', 37869.6),
    ('LOA156489', '2022-11-06', 3680.01),
    ('LOA156489', '2022-11-13', 3090.2),
    ('LOA156489', '2022-11-20', 2500.58),
    ('LOA123046', '2022-11-24', 13299.18),
    ('LOA156489', '2022-11-27', 1910.06),
    ('LOA989215', '2022-11-28', 265087.07),
    ('LOA156489', '2022-12-04', 1320.09),
    ('LOA655489', '2022-12-05', 38248.3),
    ('LOA655489', '2022-12-06', 0),
    ('LOA156489', '2022-12-11', 730.97),
    ('LOA156489', '2022-12-18', 140.12),
    ('LOA447741', '2022-12-20', 67662.64),
    ('LOA156489', '2022-12-25', 0),
    ('LOA989215', '2022-12-28', 267737.94),
    ('LOA989215', '2022-12-29', 0)
;
